2023-05-03 05:29:20+00:00,b'Busy days at #DEN #unitedAIRLINES #gategourmet https://t.co/bofXC58CDv'
2023-05-03 05:22:21+00:00,b'Our bag was lost on 4.22 and finally showed up at its original destination 4.28 which isn\xe2\x80\x99t our home. Our home airp\xe2\x80\xa6 https://t.co/f8WRatnW44'
2023-05-03 04:08:06+00:00,b'Texas man banned from United Airlines after allegedly assaulting employee at SFO\n#unitedairlines #kron4\xe2\x80\xa6 https://t.co/uYKqPJBuZT'
2023-05-03 03:56:10+00:00,b'ICAO: A2B17A\nFlt: UAL352 #UnitedAirlines #IAD-#BOS\nFirst seen: 2023/05/02 23:50:38\nMin Alt: 4369 ft AGL\nMin Dist: 4\xe2\x80\xa6 https://t.co/Sa779TppCg'
2023-05-03 03:01:08+00:00,b'ICAO: A23A02\nFlt: UAL1748 #UnitedAirlines #IAH-#JAX\nFirst seen: 2023/05/02 22:57:00\nMin Alt: 3394 ft AGL\nMin Dist:\xe2\x80\xa6 https://t.co/UCfNkDtH3B'
2023-05-03 03:00:17+00:00,b'@united why are you causing so much trouble? This is 4rth time this week I am calling your customer care with one i\xe2\x80\xa6 https://t.co/VfUPo2wL3i'
2023-05-03 02:18:05+00:00,b'RT @DavidDOrtizCO: #unitedAIRLINES and #DIA failing on #basicaccess again. \n\nGate agent couldn\xe2\x80\x99t even get a hold of G2 staff for an aisle c\xe2\x80\xa6'
2023-05-03 01:23:35+00:00,b'It\xe2\x80\x99s happened again!  A \xe2\x80\x9cdisruptive passenger\xe2\x80\x9d on a United Airlines #SFO flight caught on video throwing punches.\xe2\x80\xa6 https://t.co/ZWgVC1Xq3h'
2023-05-03 01:07:43+00:00,"b'@SouthwestAir claims it\xe2\x80\x99s @DENAirport most flown airline. But data proves that @united is. So, United has launched\xe2\x80\xa6 https://t.co/vTiVOBX6iB'"
2023-05-03 00:53:33+00:00,b'RT @DavidDOrtizCO: #unitedAIRLINES and #DIA failing on #basicaccess again. \n\nGate agent couldn\xe2\x80\x99t even get a hold of G2 staff for an aisle c\xe2\x80\xa6'
2023-05-03 00:42:44+00:00,b'RT @DavidDOrtizCO: #unitedAIRLINES and #DIA failing on #basicaccess again. \n\nGate agent couldn\xe2\x80\x99t even get a hold of G2 staff for an aisle c\xe2\x80\xa6'
2023-05-03 00:39:23+00:00,b'#unitedAIRLINES and #DIA failing on #basicaccess again. \n\nGate agent couldn\xe2\x80\x99t even get a hold of G2 staff for an ai\xe2\x80\xa6 https://t.co/ym0IV7yXXi'
2023-05-03 00:38:22+00:00,b'Final for runway 22L into #EWR and I can see my home and my office! #unitedairlines #avgeek #businesstravel https://t.co/jCYGDwuXwZ'
2023-05-03 00:32:35+00:00,b'@united #unitedAIRLINES No doubt like when you spend 1800 to upgrade to Polaris at same time and your wife\xe2\x80\x99s doesn\xe2\x80\x99\xe2\x80\xa6 https://t.co/LQPmg3xTIX'
2023-05-02 23:37:46+00:00,"b'Operational issues on my flight aside, it was awesome to see my friend Daphne this morning! She\xe2\x80\x99s an amazing\xe2\x80\xa6 https://t.co/XQKBRBi9bQ'"
2023-05-02 23:00:02+00:00,b'ICAO: A600A6\nFlt: UAL1261 #UnitedAirlines #EWR-#IAH\nFirst seen: 2023/05/02 18:55:01\nMin Alt: 4369 ft AGL\nMin Dist:\xe2\x80\xa6 https://t.co/aac7FykKMK'
2023-05-02 22:40:25+00:00,b'@united you message me that my flight is canceled and is not and you tell me you have no record of my checked bag.\xe2\x80\xa6 https://t.co/b3gFWxR5lB'
2023-05-02 21:35:46+00:00,"b'Another (crazy) passenger successfully opened the exit door and tried to jump out, but the Flight attendant and oth\xe2\x80\xa6 https://t.co/1wBft1SjbI'"
2023-05-02 19:03:07+00:00,b'RT @Aviationa2z: A #United Airlines passenger became violent and punched a #flight attendant several times on a flight from #SanFrancisco t\xe2\x80\xa6'
2023-05-02 18:51:48+00:00,b'Our Favorite day of the week #tailtuesday \xe2\x9c\x88\xef\xb8\x8f\xf0\x9f\x91\x80\xe2\x9d\xa4\xef\xb8\x8f\xf0\x9f\x98\x8d\n\n\xf0\x9f\x93\xb8 : @ryanmoroso \n\n#unitedairlines #beingunited #crewlife\xe2\x80\xa6 https://t.co/4V0aK57w4O'
2023-05-02 18:51:05+00:00,b'A #United Airlines passenger became violent and punched a #flight attendant several times on a flight from\xe2\x80\xa6 https://t.co/T1qrhQPjA8'
2023-05-02 16:48:42+00:00,"b'RT @Aviation_jamie: A crew from humble beginnings. My journey began at Menzies before transitioning to @united Airlines, these boys made th\xe2\x80\xa6'"
2023-05-02 14:25:04+00:00,b'Domestic Airline Class Action Settlement involving price fixing by #AmericanAirlines #AA #SouthWest #Contintenal\xe2\x80\xa6 https://t.co/9p7ozK0n9o'
2023-05-02 14:08:38+00:00,b'United Airlines CANCELLED again! Were you on flight UA2785 on 2nd May 2023 from Dublin Airport to Washington Dulles\xe2\x80\xa6 https://t.co/27SP4gJ0Gm'
2023-05-02 11:52:49+00:00,b'RT @OrdtkFly: Flat Stanley came to visit us today at ORDTK. Instructor Ande brought her grandsons Flat Stanley in for a tour. #unitedairlin\xe2\x80\xa6'
2023-05-02 11:43:28+00:00,"b'+1-8002530687 Call United Airlines customer service. For immediate help regarding United flight reservations, last-\xe2\x80\xa6 https://t.co/10qnJKN3f3'"
2023-05-02 10:58:12+00:00,"b""RT @dailystar: United Airlines days Brits should come to #US to 'wear pants outside' \n\n#Travel #TravelNews #Holidays #LondonUnderground #Tu\xe2\x80\xa6"""
2023-05-02 10:01:27+00:00,b'Stuck in a cylinder in the sky for 11 hours I decide to try out the new #QuantumLeap courtesy of #UnitedAirlines. W\xe2\x80\xa6 https://t.co/IufuZRhRK3'
2023-05-02 07:56:44+00:00,"b'Long haul flight to New York sorted \xe2\x98\x91\xef\xb8\x8f \n\n@IAmMarkManson \n\nSubtle art of not giving a fuck - read the book, now docu\xe2\x80\xa6 https://t.co/wsl8ws4kd0'"
2023-05-02 07:50:15+00:00,b'Leaving #woke organizations such as #unitedAIRLINES &amp; the #SacramentoKings made me 100% #Conservative for good! \xf0\x9f\x90\x98\xf0\x9f\x87\xba\xf0\x9f\x87\xb2'
2023-05-02 07:32:23+00:00,"b'RT @Aviation_jamie: A crew from humble beginnings. My journey began at Menzies before transitioning to @united Airlines, these boys made th\xe2\x80\xa6'"
2023-05-02 07:30:16+00:00,"b'To Travel &amp; Visit The Most Beautiful Places In the USA. Click here https://t.co/QD9BsqGzmh, and book your ticket wi\xe2\x80\xa6 https://t.co/nUdBMHtIvZ'"
2023-05-02 07:30:03+00:00,"b'A crew from humble beginnings. My journey began at Menzies before transitioning to @united Airlines, these boys mad\xe2\x80\xa6 https://t.co/ulRp9cOVBH'"
2023-05-02 06:53:53+00:00,b'RT @TravelMole: United Airlines doubles Edinburgh flights\nhttps://t.co/eHupTV6nHo\n#UnitedAirlines https://t.co/wmNkZiDXMV'
2023-05-02 06:30:11+00:00,b'#UnitedAirlines is currently offering an award sale on flights to Australia and Tahiti. Bookings must be made by Ma\xe2\x80\xa6 https://t.co/oDZOBoGyof'
2023-05-02 05:35:13+00:00,b'@Revelation2041 Zhis has to be a Chinese invention.\n\nHow is an American supposed to fit in zhis thing vith zhat abs\xe2\x80\xa6 https://t.co/72pBCJkAZv'
2023-05-02 04:04:53+00:00,b'Domestic Airline Class Action Settlement involving price fixing by #AmericanAirlines #AA #SouthWest #Contintenal\xe2\x80\xa6 https://t.co/eD5dUkd8Zg'
2023-05-01 22:20:42+00:00,"b""Hey #unitedairlines why are you charging me to check my bag when everyone's bag will be automatically gate checked?"""
2023-05-01 20:45:12+00:00,"b'New Training Scholarship Opportunity Thanks to United Airlines! Applications are now open until May 5, 2023. Learn\xe2\x80\xa6 https://t.co/YAmlTLwKw1'"
2023-05-01 17:53:51+00:00,"b'Congratulations, David!\n\nGetting to @united isn\xe2\x80\x99t easy.\nWe can help.\n\nContact us to schedule your consult.\xe2\x80\xa6 https://t.co/qtqurtHkmk'"
2023-05-01 17:30:29+00:00,b'#unitedAIRLINES Just spent 45 minutes on hold trying to get refund for a flight they changed the time.  When I aske\xe2\x80\xa6 https://t.co/OcO2BEHuoO'
2023-05-01 16:38:00+00:00,"b""United Airlines days Brits should come to #US to 'wear pants outside' \n\n#Travel #TravelNews #Holidays\xe2\x80\xa6 https://t.co/XpNEbzulj9"""
2023-05-01 16:22:12+00:00,b'@MCO been stuck on the tarmac for over an hour. What the heck is wrong? Keep giving our gates to other people. No i\xe2\x80\xa6 https://t.co/YzCQNnJu2S'
2023-05-01 15:34:41+00:00,b'Potential United Airlines claim. Were you on flight UA316 on 1st May 2023 from Dublin Airport to Newark Liberty  Ai\xe2\x80\xa6 https://t.co/fgJ7HdnFPy'
2023-05-01 15:21:50+00:00,"b""It's Monday; guess what? We\xe2\x80\x99re airborne \xf0\x9f\x98\x8d\xe2\x9d\xa4\xef\xb8\x8f\xf0\x9f\x91\x8c\xf0\x9f\x98\xb3\xe2\x98\xba\xef\xb8\x8f\xf0\x9f\x91\x80\xe2\x9c\x88\xef\xb8\x8f\n\n\xf0\x9f\x93\xb8 : @deont.ee \n\n#unitedairlines #beingunited #crewlife\xe2\x80\xa6 https://t.co/RRWurif5Zb"""
2023-05-01 15:06:25+00:00,b'Flat Stanley came to visit us today at ORDTK. Instructor Ande brought her grandsons Flat Stanley in for a tour.\xe2\x80\xa6 https://t.co/Adz2gILofO'
2023-05-01 14:18:48+00:00,"b""United Airlines days Brits should come to #US to 'wear pants outside' \n\n#Travel #TravelNews #Holidays\xe2\x80\xa6 https://t.co/skub071XMF"""
2023-05-01 14:18:45+00:00,"b""United Airlines days Brits should come to #US to 'wear pants outside' \n\n#Travel #TravelNews #Holidays\xe2\x80\xa6 https://t.co/4fIWxlA9PT"""
2023-05-01 12:58:25+00:00,b'@SpiritAirlines You fucking scumbags. You again cancelled the flight without refunds and any alternate accommodatio\xe2\x80\xa6 https://t.co/BYTiRcmAf0'
2023-05-01 12:57:19+00:00,"b""RT @gtpgr: ' #Sabre Launches United #Airlines\xe2\x80\x99 #NDC Offers to its Global Network of Travel Buyers https://t.co/bQl5aH4BY1 @Sabre_Corp @unit\xe2\x80\xa6"""
2023-05-01 12:18:25+00:00,"b""Are you Dreaming of an unforgettable trip to the USA? And are you search a cheap ticket for a trip? So don't worry.\xe2\x80\xa6 https://t.co/UDwETYOxje"""
2023-05-01 12:02:06+00:00,"b""' #Sabre Launches United #Airlines\xe2\x80\x99 #NDC Offers to its Global Network of Travel Buyers https://t.co/bQl5aH4BY1\xe2\x80\xa6 https://t.co/TUN5khVB2v"""
2023-05-01 11:25:52+00:00,b'United Airlines doubles Edinburgh flights\nhttps://t.co/eHupTV6nHo\n#UnitedAirlines https://t.co/wmNkZiDXMV'
2023-05-01 10:57:33+00:00,b'RT @FrankCannon714: What\xe2\x80\x99s your #traveling pleasure mode. #blackfriday #traveler #VisitFlorida #Texas #Canadian #Canada #vacation #Escape #\xe2\x80\xa6'
2023-05-01 10:47:16+00:00,b'#UnitedAirlines sucks That\xe2\x80\x99s all Have a blessed day'
2023-05-01 10:30:05+00:00,"b'Fly with #UnitedAirlines and save BIG on tickets to #NewYork, #Boston, #LosAngeles and other mega cities in the\xe2\x80\xa6 https://t.co/5Pntl56903'"
2023-05-01 09:53:44+00:00,b'Book your ticket for California now. Because United Airlines provide special offers on booking. Click here\xe2\x80\xa6 https://t.co/3JR51kWCZ1'
2023-05-01 07:19:06+00:00,b'\xe2\x9c\x88 United Airlines Flight Delay Compensation \xf0\x9f\x92\xb8 | \xe2\x98\x8e 1 888-982-1907\n\n\xf0\x9f\x91\x89Read more here: https://t.co/8XkeYiY6RW\xe2\x80\xa6 https://t.co/eNSQFarh2K'
2023-05-01 05:21:46+00:00,"b'Been sitting on the plane @united 976 #Newark to Shannon, Ireland for over an hour now.  Pilot announced a \xe2\x80\x9ccrew ch\xe2\x80\xa6 https://t.co/Ze9OIWyQAE'"
2023-05-01 05:02:14+00:00,b'@united does anyone care about flight ua2162      We have been sitting on the runway in Newark for 45 min after bei\xe2\x80\xa6 https://t.co/V3AyniHLAV'
2023-05-01 04:54:22+00:00,b'Sitting on the runway at Newark after five hour delay and no one to take us to gate ua2162.  Come on already!!!\xe2\x80\xa6 https://t.co/5iLwsYWuRG'
2023-05-01 03:43:28+00:00,"b'And after the pushback @united again plays well. Guys, can we please fly? #unitedAIRLINES'"
2023-05-01 02:58:53+00:00,b'My new friend from United making sure I make my tight connection. I \xe2\x9d\xa4\xef\xb8\x8f United Airlines #flythefriendlyskies\xe2\x80\xa6 https://t.co/vHcDZTXlXo'
2023-05-01 02:40:43+00:00,b'RT @FrankCannon714: What\xe2\x80\x99s your #traveling pleasure mode. #blackfriday #traveler #VisitFlorida #Texas #Canadian #Canada #vacation #Escape #\xe2\x80\xa6'
2023-05-01 02:34:33+00:00,b'Thanks @united for sharing the correct update that the flight may get delayed due to \xe2\x80\x9cWeather\xe2\x80\x9d situation. #unitedAIRLINES'
2023-05-01 02:27:36+00:00,b'UA82 Delayed by 1.5hrs. Why because @united catering team missed required supplies for the flight. Now ain\xe2\x80\x99t that f\xe2\x80\xa6 https://t.co/EcA5gw0694'
2023-05-01 02:12:14+00:00,b'What\xe2\x80\x99s your #traveling pleasure mode. #blackfriday #traveler #VisitFlorida #Texas #Canadian #Canada #vacation\xe2\x80\xa6 https://t.co/C6uFZpxcQY'
2023-05-01 01:10:15+00:00,"b'United Airlines sucks.  They boarded us on a hot, stuffy plain with no air running because the pilots are late.  Gr\xe2\x80\xa6 https://t.co/CSceV2cDIJ'"
2023-05-01 00:18:28+00:00,b'RT @alimsaeed604: Captain Chris Bales is piloting his last flight from Los Angeles (LAX) to Chicago(ORD). He retires today from #UnitedAirl\xe2\x80\xa6'
2023-05-01 00:16:52+00:00,b'Captain Chris Bales is piloting his last flight from Los Angeles (LAX) to Chicago(ORD). He retires today from\xe2\x80\xa6 https://t.co/niw7He3nwk'
2023-05-01 00:13:39+00:00,b'I have the worst story of #abuse from an #airline.\n\nThe result of #Unitedairlines #outsourcing their customer servi\xe2\x80\xa6 https://t.co/hsBoSBLNUg'
2023-04-30 22:29:35+00:00,b'Last thing I want to do at midnight is being ghosted by #unitedAIRLINES customer service on my simple question on prepay baggage \xf0\x9f\x98\xa9'
2023-04-30 22:13:21+00:00,b'RT @UnitedFlyerHD: United B767-300 lining up to depart Houston IAH 33L\n#avgeek #boeing #boeing767 #unitedairlines #n643ua https://t.co/YHEw\xe2\x80\xa6'
2023-04-30 22:07:08+00:00,b'. @united you have left hundreds of people STRANDED in Bermuda with no accommodations or plans to get us home safel\xe2\x80\xa6 https://t.co/UmqYc01Fts'
2023-04-30 22:02:35+00:00,b'@united you have left hundreds of people STRANDED in Bermuda with no accommodations or plans to get us home safely.\xe2\x80\xa6 https://t.co/kImJtgNCZD'
2023-04-30 21:58:19+00:00,"b'RT @UnitedFlyerHD: Some shots from United 1832, IAH-PHX on a B737-8 Max, N272783. We had to dodge some storms but were rewarded with a beau\xe2\x80\xa6'"
2023-04-30 20:47:14+00:00,"b'@united @EWRairport Polaris lounge for intl - excellent food &amp; menu. I had not eaten all day, &amp; wow, the beet salad\xe2\x80\xa6 https://t.co/CmMWbutycF'"
2023-04-30 18:17:30+00:00,"b'@united so nice UA1654 WAITING for a passenger!!! They didn\xe2\x80\x99t wait for me last night OR pay for my hotel, that\xe2\x80\x99s wh\xe2\x80\xa6 https://t.co/nHqLfj2Sn8'"
2023-04-30 17:44:15+00:00,b'New United Airlines delay. Were you on flight UA17 on 30th April 2023 from London Heathrow Airport to Newark Libert\xe2\x80\xa6 https://t.co/dkae0gAbnC'
2023-04-30 17:44:09+00:00,b'United Airlines CANCELLED. Were you on flight UA22 on 30th April 2023 from Dublin Airport to Newark Liberty  Airpor\xe2\x80\xa6 https://t.co/VoGlUEPDeu'
2023-04-30 16:25:25+00:00,b'#unitedAIRLINES your check In desk at Nashville BNA is atrocious.  You need to use actual employees who know what they are doing'
2023-04-30 16:01:17+00:00,"b'\xe2\x80\x9c22 weeks pregnant and her pregnancy is high risk.\xe2\x80\x9d If she is high risk, then why is she on a plane?\n#AnthonyBass\xe2\x80\xa6 https://t.co/bCyuSGG2cK'"
2023-04-30 16:00:01+00:00,b'RT @virtualUA: Nothing is more classic than those  Blue Skies \xe2\x9c\x88\xef\xb8\x8f\xf0\x9f\x91\x8c\xf0\x9f\x98\x8d\n\n#unitedairlines #beingunited #crewlife #planespotter #airport #msfs2020\xe2\x80\xa6'
2023-04-30 15:57:44+00:00,b'Nothing is more classic than those  Blue Skies \xe2\x9c\x88\xef\xb8\x8f\xf0\x9f\x91\x8c\xf0\x9f\x98\x8d\n\n#unitedairlines #beingunited #crewlife #planespotter #airport\xe2\x80\xa6 https://t.co/5sKQddsBeb'
2023-04-30 13:14:09+00:00,b'RT @diecastryan: A United 777 departing Newark with the Manhattan skyline behind. #unitedairlines #boeing777 #nikonphotography #airplane #t\xe2\x80\xa6'
2023-04-30 13:10:28+00:00,"b""I'm personally loyal to United b/c I live near a UA hub and glad. #convenient #UnitedAirlines #travel\xe2\x80\xa6 https://t.co/1QgIFkDxPA"""
2023-04-30 12:22:42+00:00,"b'RT @DarrellCBassist: This is just one more reason why @united sucks! This guy was threatened and forced to check his $10,000 guitar and thi\xe2\x80\xa6'"
2023-04-30 10:09:18+00:00,"b'#unitedAIRLINES at @TorontoPearson is a disaster. 150 pax waiting, 8 check-in kiosks, 2  not working, 3 agents, att\xe2\x80\xa6 https://t.co/ttxSfdUPpI'"
2023-04-30 07:07:00+00:00,b'#unitedAIRLINES #ua292\nBtw surprise! there is no replacement plane at Gate C135. No refreshments. No accommodations\xe2\x80\xa6 https://t.co/Pu7EtOobYZ'
2023-04-30 07:00:43+00:00,"b'#unitedAIRLINES #ua292\nAfter almost 5 hours of sitting on the plane #ua292 from EWR to MSP, we were told a replacem\xe2\x80\xa6 https://t.co/LdoC7iyUrN'"
2023-04-30 06:34:43+00:00,b'United Airlines reported a loss of $194 million USD for the first quarter (Q1) of 2023. \n\nAlthough capacity was up\xe2\x80\xa6 https://t.co/mDBGN3wvjc'
2023-04-30 04:20:49+00:00,"b""@united Two Saturdays in a row I've suffered 5hr delays and now the crew has timed out. No idea if we'll fly tonigh\xe2\x80\xa6 https://t.co/nuVBxCf4WP"""
2023-04-30 04:00:00+00:00,b'Are you dreaming of a Cape Cod getaway? \xf0\x9f\x8c\x8a\xf0\x9f\x92\x99\nFlat 25% discounts on flights to Massachusetts \xe2\x80\xa6 \xf0\x9f\xa5\xb3\xf0\x9f\xa5\xb3\n\xf0\x9f\x93\xb2+1(855)-505-3955\n\xf0\x9f\x8c\x90\xe2\x80\xa6 https://t.co/mX674zzj2i'
2023-04-30 03:51:28+00:00,"b""#unitedAIRLINES @united What's up with the luggage of flight UA2289 from Chicago to Toronto? Passengers have been w\xe2\x80\xa6 https://t.co/OYrNG2NASh"""
2023-04-30 03:44:51+00:00,b'RT @NomadeFI: How To #Upgrade On Your Next #UnitedAirlines Flight. #travel https://t.co/oIWyiH2u00'
2023-04-30 03:44:16+00:00,b'How To #Upgrade On Your Next #UnitedAirlines Flight. #travel https://t.co/oIWyiH2u00'
2023-04-30 02:16:07+00:00,b'@united For the second time in a week my flight has been stuck at the gate for more than 3.5 hrs. Luggage loading i\xe2\x80\xa6 https://t.co/9O3q29te82'
2023-04-30 01:49:18+00:00,b'Broke my rule of never taking the last flight out when flying domestically. In my experience there is nearly always\xe2\x80\xa6 https://t.co/lvwd7hYemV'
2023-04-30 01:15:10+00:00,"b'Today was Instructor Alice\xe2\x80\x99s final day at ORDTK. We will miss you, and hope you enjoy all those treats on your driv\xe2\x80\xa6 https://t.co/4ef851KvtC'"
2023-04-29 22:48:33+00:00,"b'United Airlines has committed to redesigning their cabins with inflight entertainment.  Albeit delayed, it will be\xe2\x80\xa6 https://t.co/J45ZAzbo1t'"
2023-04-29 21:22:06+00:00,b'I am disgusted with #unitedAIRLINES we now have to figure out a back up plan OURSELVES. No assistance or anything.'
2023-04-29 21:11:17+00:00,"b'#unitedAIRLINES has no integrity. Not only did they not post an accurate delay timeframe, but they made us miss our\xe2\x80\xa6 https://t.co/LZVofu1vbu'"
2023-04-29 20:12:57+00:00,b'RT @UnitedFlyerHD: United B767-300 lining up to depart Houston IAH 33L\n#avgeek #boeing #boeing767 #unitedairlines #n643ua https://t.co/YHEw\xe2\x80\xa6'
2023-04-29 19:11:44+00:00,b'So adorbs. #BTS #Jin is part of the #UnitedAirlines shows. \xf0\x9f\x92\x9c https://t.co/wVWZalp6qq'
2023-04-29 19:11:24+00:00,b'#unitedAIRLINES \n@united \nWhat\xe2\x80\x99s up with flight 1076.\n5 hour delay.  Very poor communication.\n\nThis is terrible'
2023-04-29 17:31:42+00:00,b'What are your weekend plans? Flying? \xf0\x9f\x91\x80\xf0\x9f\x91\x8b\xf0\x9f\x98\x8d\xe2\x9c\x88\xef\xb8\x8f\n\n\xf0\x9f\x93\xb8 : @nathan_sxhroeder \n\n#unitedairlines #beingunited #crewlife\xe2\x80\xa6 https://t.co/AOKkzaLZl8'
2023-04-29 17:09:39+00:00,"b'@UnitedAirlines impressed with the #unitedAIRLINES service and app.. Despite multiple flight delays, was able to ea\xe2\x80\xa6 https://t.co/oJjWG7nTez'"
2023-04-29 15:16:17+00:00,b'RT @diecastryan: A United 777 departing Newark with the Manhattan skyline behind. #unitedairlines #boeing777 #nikonphotography #airplane #t\xe2\x80\xa6'
2023-04-29 13:56:10+00:00,b'@aldersonjackson @acabgd @TravelAds1 @n194at @aomd88 @nursebinky @Ramivipsagel @erleargonza @JRedCallis @TishaCM\xe2\x80\xa6 https://t.co/zhnqpS8wYj'
2023-04-29 13:52:29+00:00,b'RT @diecastryan: Memories of Covid in Roswell. #unitedairlines #americanairlines #roswell #aviation #aviationphotography #travel https://t.\xe2\x80\xa6'
2023-04-29 12:23:07+00:00,b'Plan your USA summer vacation with United Airlines. And click here https://t.co/QD9BsqGzmh for low-price ticket boo\xe2\x80\xa6 https://t.co/0xXx58TYNp'
2023-04-29 12:10:29+00:00,"b'RT @DarrellCBassist: This is just one more reason why @united sucks! This guy was threatened and forced to check his $10,000 guitar and thi\xe2\x80\xa6'"
2023-04-29 11:15:40+00:00,"b'RT @DarrellCBassist: This is just one more reason why @united sucks! This guy was threatened and forced to check his $10,000 guitar and thi\xe2\x80\xa6'"
2023-04-29 10:16:53+00:00,b'17 hours is how long it will take me to get from CA to Detroit on #unitedAIRLINES! 14 of those hours sitting in mul\xe2\x80\xa6 https://t.co/hYj1FrHKH6'
2023-04-29 09:44:39+00:00,b'RT @CtrOfAviation: United 737 Max 9 Landing \xf0\x9f\x8f\x96\xef\xb8\x8fRSW Ft Myers Florida \xf0\x9f\x8f\x96\xef\xb8\x8f #Centerofaviation #centerofaviation_florida \n#planespotting #airport\xe2\x80\xa6'
2023-04-29 07:36:10+00:00,b'Click here https://t.co/QD9BsqGzmh or call +1-800-253-0687 to know the booking policy of United Airlines.\xe2\x80\xa6 https://t.co/fTVQaOQlu2'
2023-04-29 06:26:53+00:00,b'@AnthonyBass52 @united Hey what do you think who you are ? Go to your fucking knees and clean it by self !!! Or let\xe2\x80\xa6 https://t.co/dlxuKbXYL0'
2023-04-29 05:47:49+00:00,"b'Some shots from United 1832, IAH-PHX on a B737-8 Max, N272783. We had to dodge some storms but were rewarded with a\xe2\x80\xa6 https://t.co/ZFZt0kNeNM'"
2023-04-29 05:45:34+00:00,"b'RT @DarrellCBassist: This is just one more reason why @united sucks! This guy was threatened and forced to check his $10,000 guitar and thi\xe2\x80\xa6'"
2023-04-29 04:00:00+00:00,b'Take flight and experience the world like never before! \xf0\x9f\xa4\xa9\nEnjoy  upto30% OFF on domestic/international flights.\xf0\x9f\xa5\xb3\nBo\xe2\x80\xa6 https://t.co/B6e3lyf3gB'
2023-04-29 03:32:49+00:00,b'My hubby who is a frequent #unitedairlines flyer was threatened by a drunk passenger before boarding #UA1369 from I\xe2\x80\xa6 https://t.co/3Kj2vqwr4K'
2023-04-29 01:42:47+00:00,b'@united my inflight private screening won\xe2\x80\x99t work on my flight and I paid for wifi . I am on a 6hr flight and you gu\xe2\x80\xa6 https://t.co/PFjso6LbV7'
2023-04-29 01:40:18+00:00,"b'RT @DarrellCBassist: This is just one more reason why @united sucks! This guy was threatened and forced to check his $10,000 guitar and thi\xe2\x80\xa6'"
2023-04-29 01:34:09+00:00,b'@teddyfuse Airport water after @United mishandled my luggage. Again...\n\n#UnitedAirlines'
2023-04-29 00:37:15+00:00,"b""I'll take a 45 minute delay for a free 1st class upgrade on a 5 hour award flight to Hawaii that only cost $5.60 an\xe2\x80\xa6 https://t.co/2SV4sbwKbw"""
2023-04-29 00:15:03+00:00,b'Domestic Airline Class Action Settlement involving price fixing by #AmericanAirlines #AA #SouthWest #Contintenal\xe2\x80\xa6 https://t.co/Jp17iCCd7R'
2023-04-28 23:12:21+00:00,"b'RT @DarrellCBassist: This is just one more reason why @united sucks! This guy was threatened and forced to check his $10,000 guitar and thi\xe2\x80\xa6'"
2023-04-28 22:15:29+00:00,b'United B767-300 lining up to depart Houston IAH 33L\n#avgeek #boeing #boeing767 #unitedairlines #n643ua https://t.co/YHEwg41KjU'
2023-04-28 22:08:32+00:00,"b'RT @DarrellCBassist: This is just one more reason why @united sucks! This guy was threatened and forced to check his $10,000 guitar and thi\xe2\x80\xa6'"
2023-04-28 21:16:29+00:00,"b'RT @DarrellCBassist: This is just one more reason why @united sucks! This guy was threatened and forced to check his $10,000 guitar and thi\xe2\x80\xa6'"
2023-04-28 20:44:56+00:00,"b""So this happened today on #UnitedAirlines, who else is in the Club? \n\nLet's jump on another plane for the  Internat\xe2\x80\xa6 https://t.co/ghzS98tX1v"""
2023-04-28 20:36:25+00:00,"b'RT @DarrellCBassist: This is just one more reason why @united sucks! This guy was threatened and forced to check his $10,000 guitar and thi\xe2\x80\xa6'"
2023-04-28 20:33:49+00:00,"b'RT @DarrellCBassist: This is just one more reason why @united sucks! This guy was threatened and forced to check his $10,000 guitar and thi\xe2\x80\xa6'"
2023-04-28 20:10:06+00:00,"b'RT @DarrellCBassist: This is just one more reason why @united sucks! This guy was threatened and forced to check his $10,000 guitar and thi\xe2\x80\xa6'"
2023-04-28 20:05:20+00:00,"b'RT @DarrellCBassist: This is just one more reason why @united sucks! This guy was threatened and forced to check his $10,000 guitar and thi\xe2\x80\xa6'"
2023-04-28 20:02:48+00:00,"b'RT @DarrellCBassist: This is just one more reason why @united sucks! This guy was threatened and forced to check his $10,000 guitar and thi\xe2\x80\xa6'"
2023-04-28 20:01:07+00:00,"b'RT @DarrellCBassist: This is just one more reason why @united sucks! This guy was threatened and forced to check his $10,000 guitar and thi\xe2\x80\xa6'"
2023-04-28 19:54:13+00:00,"b'RT @DarrellCBassist: This is just one more reason why @united sucks! This guy was threatened and forced to check his $10,000 guitar and thi\xe2\x80\xa6'"
2023-04-28 19:03:33+00:00,"b'This is just one more reason why @united sucks! This guy was threatened and forced to check his $10,000 guitar and\xe2\x80\xa6 https://t.co/eLJqr2eu7R'"
2023-04-28 18:30:16+00:00,"b'US  \xf0\x9f\x87\xba\xf0\x9f\x87\xb8 ~Major US airlines reported a strong pent-up travel demand and higher prices in the first quarter of 2023, r\xe2\x80\xa6 https://t.co/qasLvAXicQ'"
2023-04-28 17:57:04+00:00,"b'Although service is our passion, safety is our priority! Exit row duties #Beingunited #UnitedAirlines https://t.co/Hn6E6aQpOI'"
2023-04-28 17:55:18+00:00,b'@united\n#UnitedAirlines #musicians\n#musicalinstruments #work\nPlease read and share https://t.co/GYHq8J3FEF'
2023-04-28 17:45:20+00:00,"b'@LGBAirport So when are we going to know which airline gets the 3 AA slots?  And BTW, what about the unused Delta s\xe2\x80\xa6 https://t.co/pPYTwCqikc'"
2023-04-28 17:22:50+00:00,"b'I ain\xe2\x80\x99t gon hold you, #unitedairlines did they big one today cuz the service was great. I used the app &amp; everything\xe2\x80\xa6 https://t.co/gACh5udjvl'"
2023-04-28 17:02:01+00:00,b'Departing london Heathrow on time #unitedAIRLINES'
2023-04-28 16:59:40+00:00,"b'#unitedairlines the initial delay was one thing, we get that things happen, Flight 2441 but then to board and find\xe2\x80\xa6 https://t.co/36TcXxeq8w'"
2023-04-28 16:38:37+00:00,"b""United Airlines' plan to revamp narrow-body cabins faces supply chain delays\n#unitedairlines #andrewnocella #boeing\xe2\x80\xa6 https://t.co/ts19iO4cbH"""
2023-04-28 16:03:25+00:00,b'RT @boobapenguin: #unitedAIRLINES you are by far the WORST airline imaginable. Bumping people who paid for better seats with no explanation\xe2\x80\xa6'
2023-04-28 15:50:24+00:00,"b'I dream on making these inflight announcements on United Airlines. One day, one day I will! #unitedAIRLINES #flightattendant'"
2023-04-28 15:25:34+00:00,"b'#Advertising #UnitedAirlines \'I Am Losing My Mind\': Internet Baffled Over United Airlines Advert: ""This makes my he\xe2\x80\xa6 https://t.co/pkSRqxeFXe'"
2023-04-28 15:17:37+00:00,b'Carry-on Luggage \nChecked Luggage\nGate Checked Luggage\nLast Minute Gate Checked Luggage\n\nKnow the difference betwee\xe2\x80\xa6 https://t.co/3gJPKqeBJ8'
2023-04-28 14:45:41+00:00,b'Delayed on the flights out and on the flights back. If you travel by air be ready for a shit show. Neither were wea\xe2\x80\xa6 https://t.co/0IDdTnebIp'
2023-04-28 13:46:08+00:00,"b'We made it, Happy Friday \xf0\x9f\x98\x8d\xf0\x9f\x99\x8c\xe2\x9c\x88\xef\xb8\x8f\n\n\xf0\x9f\x93\xb8 : @rj_toth \n\n#unitedairlines #beingunited #crewlife #planespotter #airport\xe2\x80\xa6 https://t.co/2XX8DfUJES'"
2023-04-28 12:42:32+00:00,"b'And at the age of 45, I finally took my first international trip.  I went to Las Vegas!  A great trip and I was luc\xe2\x80\xa6 https://t.co/zFFsGMdpiC'"
2023-04-28 12:31:28+00:00,b'If you are looking to book your flight ticket on United Airlines. And you want to get a discount on booking. So you\xe2\x80\xa6 https://t.co/GXYDIZ750N'
2023-04-28 11:47:58+00:00,b'United Airlines passenger\xe2\x80\x99s disruptive behavior prompts plane to make U-turn\nhttps://t.co/o74zYENxAh\xe2\x80\xa6 https://t.co/rDg5lEcg0g'
2023-04-28 10:46:49+00:00,b'Unacceptable service from @united - 2 cancelled flights on my way to Europe and now facing a delay with no in-fligh\xe2\x80\xa6 https://t.co/4aH4L9pQT5'
2023-04-28 09:10:54+00:00,b'Visit #UnitedAirlinesOfficialSite and get the best discount on last-minute ticket booking. Or call on our toll-free\xe2\x80\xa6 https://t.co/DQaTYE05p6'
2023-04-28 09:09:17+00:00,b'https://t.co/WqaU39HmQe\n150 Best Places to Visit in the United States In 2023\n.\n.\n#best #places #to #visit #in #the\xe2\x80\xa6 https://t.co/XJsoaucbJu'
2023-04-28 07:53:45+00:00,b'RT @NickFlightX: A Perfect Parallel Landing between a United 737 MAX 9 and Alaska E175 at SFO!\n\n#sfo #unitedairlines #alaskaairlines #embra\xe2\x80\xa6'
2023-04-28 06:29:00+00:00,b'We are officially the largest Airline in the world surpassing both American and Delta! #UnitedAirlines how about th\xe2\x80\xa6 https://t.co/KfGehbRghq'
2023-04-28 04:23:38+00:00,b'RT @OrdtkFly: Instructors Alex &amp; Scott keep this World Pilots Day all in the family. Both Alex\xe2\x80\x99s Dad (James) and Scott\xe2\x80\x99s brother (Kevin) ar\xe2\x80\xa6'
2023-04-28 03:39:06+00:00,b'Serenity #NewHampshire #NewJersey #unitedAIRLINES #simplythebest https://t.co/L4RFgIJgCZ'
2023-04-28 03:38:03+00:00,b'Photo credit to Jeff Laforteza. Two team #charters flying out of #LongBeachAirport Thursday. The @Angels on a\xe2\x80\xa6 https://t.co/RrEiWkDcUp'
2023-04-28 02:28:09+00:00,"b'Not my day to travel. First, the #UnitedAirlines plane had the front tire replaced while we waited. Then 40 min on\xe2\x80\xa6 https://t.co/9w1reATCDO'"
2023-04-28 01:22:51+00:00,b'#unitedAIRLINES you are by far the WORST airline imaginable. Bumping people who paid for better seats with no expla\xe2\x80\xa6 https://t.co/bakSDjaifu'
2023-04-28 00:53:15+00:00,"b'#UAL91 (B78X): #TLV (Tel Aviv) to #EWR (Newark, NJ). 0.5 mi away @ 36000 ft, heading NW @ 424.0kts / time 02:53:00\xe2\x80\xa6 https://t.co/UpnWmiZb0v'"
2023-04-27 23:37:23+00:00,"b'@united I don\xe2\x80\x99t want the $150 travel voucher to travel again with you when you \xe2\x80\x9clost\xe2\x80\x9d my luggage, I want the $184.4\xe2\x80\xa6 https://t.co/R5F1H8lSxP'"
2023-04-27 22:53:41+00:00,"b""RT @virtualUA: It's like Deja Vu all over again \xf0\x9f\x98\x82\xf0\x9f\x99\x8a\xf0\x9f\xab\xa3\xe2\x9c\x88\xef\xb8\x8f\xf0\x9f\x91\x80\xf0\x9f\x98\x8d\n\n#unitedairlines #beingunited #crewlife #planespotter #airport #msfs2020 #xplane11\xe2\x80\xa6"""
2023-04-27 21:49:02+00:00,"b""New Airline Effort Wants To Allow More Long Distance Flights From Washington's National Airport\n#washingtonnational\xe2\x80\xa6 https://t.co/haM7T58vTD"""
2023-04-27 19:53:09+00:00,b'Good Leads the Way when United and Ed! partner together for the Innovation of Education in El Segundo!\xc2\xa0\nThank you U\xe2\x80\xa6 https://t.co/xH5pzLTDxU'
2023-04-27 18:47:01+00:00,"b""It's like Deja Vu all over again \xf0\x9f\x98\x82\xf0\x9f\x99\x8a\xf0\x9f\xab\xa3\xe2\x9c\x88\xef\xb8\x8f\xf0\x9f\x91\x80\xf0\x9f\x98\x8d\n\n#unitedairlines #beingunited #crewlife #planespotter #airport #msfs2020\xe2\x80\xa6 https://t.co/Ht0B7uvHp3"""
2023-04-27 18:42:23+00:00,b'RT @OrdtkFly: Instructors Alex &amp; Scott keep this World Pilots Day all in the family. Both Alex\xe2\x80\x99s Dad (James) and Scott\xe2\x80\x99s brother (Kevin) ar\xe2\x80\xa6'
2023-04-27 17:51:46+00:00,b'@_ZachGriff any recommendations? \n\n#united #staralliance #unitedairlines #traveltips https://t.co/ujrQpV3ftc'
2023-04-27 16:31:15+00:00,"b""You didn't receive TSA PreCheck?? (United Airlines)\n\nhttps://t.co/YRXYNQyUHq\n\nPlease make sure your KTN or PASS ID\xe2\x80\xa6 https://t.co/jksCIpf0R2"""
2023-04-27 16:31:07+00:00,b'Not checked in (United Airlines)\n\nhttps://t.co/qfrZibb9Nf\n\nWhat we need to check you in\nWe???re required to verify\xe2\x80\xa6 https://t.co/VQoD6b2zDH'
2023-04-27 15:19:03+00:00,"b'Congratulations, Drew!\n\nGetting to\xc2\xa0United Airlines\xc2\xa0isn\xe2\x80\x99t easy.\nWe can help.\n\nContact us to schedule your consult.\xe2\x80\xa6 https://t.co/ckVFzFuzGw'"
2023-04-27 14:24:40+00:00,"b""Traveling soon and don't know the airlines policies in regards to CPAP Machines?\n\nWe've got you covered...\xe2\x80\xa6 https://t.co/keFbTUIZeY"""
2023-04-27 14:11:39+00:00,"b'RT @Aviation_jamie: Who doesn\xe2\x80\x99t love the GE90, these absolute power houses are one of the engine types that propel our 777 fleet, producing\xe2\x80\xa6'"
2023-04-27 13:54:22+00:00,b'Cheap Flights - \xf0\x9f\x87\xb5\xf0\x9f\x87\xb7  SUMMER - United Airlines $284 (Los Angeles \xe2\x9c\x88\xef\xb8\x8f  Aguadilla) \xf0\x9f\x8c\x87\xf0\x9f\x9a\x80 https://t.co/TkOfGgRYVW\xe2\x80\xa6 https://t.co/AMW2WSL51S'
2023-04-27 13:15:39+00:00,"b""I used my Plus Points to upgrade my flight on @united today. So I'm sitting in the same shitty uncomfortable seat a\xe2\x80\xa6 https://t.co/HaLMGz9iFP"""
2023-04-27 11:53:25+00:00,b'RT @Aviationa2z: Two #flights operated by #United Airlines departing from #Houston were forced to return after the #birdstrike. #Incident d\xe2\x80\xa6'
2023-04-27 11:12:53+00:00,b'RT @diecastryan: Memories of Covid in Roswell. #unitedairlines #americanairlines #roswell #aviation #aviationphotography #travel https://t.\xe2\x80\xa6'
2023-04-27 10:49:59+00:00,b'Plan a trip with #UnitedAirlines and click here https://t.co/QD9BsqGzmh for more info.\n#Unitedairlinesbooking\xe2\x80\xa6 https://t.co/mvwACFgqhm'
2023-04-27 08:01:42+00:00,b'Two #flights operated by #United Airlines departing from #Houston were forced to return after the #birdstrike.\xe2\x80\xa6 https://t.co/4EOKT3yKlB'
2023-04-27 06:38:17+00:00,b'Watch: 2 United Air flights make emergency landings at IAH after bird strikes\n\nDownload the A-Time News App and get\xe2\x80\xa6 https://t.co/AxzPhuBQoH'
2023-04-27 06:19:23+00:00,"b'RT @Aviation_jamie: Who doesn\xe2\x80\x99t love the GE90, these absolute power houses are one of the engine types that propel our 777 fleet, producing\xe2\x80\xa6'"
2023-04-27 05:47:43+00:00,"b'RT @Aviation_jamie: Who doesn\xe2\x80\x99t love the GE90, these absolute power houses are one of the engine types that propel our 777 fleet, producing\xe2\x80\xa6'"
2023-04-27 04:39:29+00:00,b'RT @diecastryan: Memories of Covid in Roswell. #unitedairlines #americanairlines #roswell #aviation #aviationphotography #travel https://t.\xe2\x80\xa6'
2023-04-27 04:13:00+00:00,b'RT @diecastryan: Memories of Covid in Roswell. #unitedairlines #americanairlines #roswell #aviation #aviationphotography #travel https://t.\xe2\x80\xa6'
2023-04-27 04:07:29+00:00,"b'RT @Aviation_jamie: Who doesn\xe2\x80\x99t love the GE90, these absolute power houses are one of the engine types that propel our 777 fleet, producing\xe2\x80\xa6'"
2023-04-27 04:00:00+00:00,b'Looking for an affordable way to explore San Antonio?\nBook U.S. Domestic/International Flights at Flat 25% off\xe2\x9c\x88\xef\xb8\x8f\n\xf0\x9f\x93\xb2+\xe2\x80\xa6 https://t.co/828rV5AikM'
2023-04-27 03:52:12+00:00,"b'RT @Aviation_jamie: Who doesn\xe2\x80\x99t love the GE90, these absolute power houses are one of the engine types that propel our 777 fleet, producing\xe2\x80\xa6'"
2023-04-27 03:29:50+00:00,b'RT @NTVAmericaLive: 2 United Airlines flights make emergency landings at IAH after bird strikes\n\n#UnitedAirlines #EmergencyLandings #IAH #B\xe2\x80\xa6'
2023-04-27 03:14:21+00:00,"b'#unitedAIRLINES trying to get out of Dulles; mechanical delay, taxi traffic delay and now medical delay???'"
2023-04-27 03:13:48+00:00,b'@thepointsguy I was impressed with #unitedAIRLINES last month when my Pixel ear bud popped out in first class. Firs\xe2\x80\xa6 https://t.co/9hLMgdxtNR'
2023-04-27 03:13:43+00:00,"b'RT @Aviation_jamie: Who doesn\xe2\x80\x99t love the GE90, these absolute power houses are one of the engine types that propel our 777 fleet, producing\xe2\x80\xa6'"
2023-04-27 02:56:29+00:00,b'RT @diecastryan: Memories of Covid in Roswell. #unitedairlines #americanairlines #roswell #aviation #aviationphotography #travel https://t.\xe2\x80\xa6'
2023-04-27 02:33:44+00:00,b'Happy #worldpilotsday \xe2\x9c\x88\xef\xb8\x8f\xe2\x9d\xa4\xef\xb8\x8f\xf0\x9f\x98\x8d\xf0\x9f\x99\x8c\xf0\x9f\x91\xa9\xe2\x80\x8d\xe2\x9c\x88\xef\xb8\x8f\xf0\x9f\xa7\x91\xe2\x80\x8d\xe2\x9c\x88\xef\xb8\x8f\n\n#unitedairlines #beingunited #crewlife #planespotter #airport #msfs2020\xe2\x80\xa6 https://t.co/h5Dw5LIpxg'
2023-04-27 01:16:27+00:00,b'RT @simple_flying: A brand new @BoeingAirplanes 737 MAX 8 on its first flight after being delivered to @united \n\nTrack it below \xf0\x9f\x91\x87\xf0\x9f\x8f\xbd\nhttps://\xe2\x80\xa6'
2023-04-27 00:30:00+00:00,b'RT @OrdtkFly: Instructors Alex &amp; Scott keep this World Pilots Day all in the family. Both Alex\xe2\x80\x99s Dad (James) and Scott\xe2\x80\x99s brother (Kevin) ar\xe2\x80\xa6'
2023-04-27 00:28:34+00:00,b'Instructors Alex &amp; Scott keep this World Pilots Day all in the family. Both Alex\xe2\x80\x99s Dad (James) and Scott\xe2\x80\x99s brother\xe2\x80\xa6 https://t.co/g25YifPHlW'
2023-04-26 23:56:06+00:00,"b'RT @Aviation_jamie: Who doesn\xe2\x80\x99t love the GE90, these absolute power houses are one of the engine types that propel our 777 fleet, producing\xe2\x80\xa6'"
2023-04-26 22:43:25+00:00,"b""Why #unitedairlines can't rebound from here? I can't believe it!\n\n$UAL $AAL $DAL $JETS https://t.co/RjeS4YAcxp"""
2023-04-26 22:03:02+00:00,b'RT @diecastryan: Memories of Covid in Roswell. #unitedairlines #americanairlines #roswell #aviation #aviationphotography #travel https://t.\xe2\x80\xa6'
2023-04-26 21:58:50+00:00,b'RT @diecastryan: Memories of Covid in Roswell. #unitedairlines #americanairlines #roswell #aviation #aviationphotography #travel https://t.\xe2\x80\xa6'
2023-04-26 21:18:23+00:00,b'RT @diecastryan: Memories of Covid in Roswell. #unitedairlines #americanairlines #roswell #aviation #aviationphotography #travel https://t.\xe2\x80\xa6'
2023-04-26 20:54:32+00:00,b'RT @diecastryan: Memories of Covid in Roswell. #unitedairlines #americanairlines #roswell #aviation #aviationphotography #travel https://t.\xe2\x80\xa6'
2023-04-26 20:14:38+00:00,"b'RT @OBAPEXCELLENCE: OBAP is proud to partner with @united  as the title sponsor of the 2023 OBAP Annual Convention, taking place August 9-1\xe2\x80\xa6'"
2023-04-26 20:07:37+00:00,"b'RT @Aviation_jamie: Who doesn\xe2\x80\x99t love the GE90, these absolute power houses are one of the engine types that propel our 777 fleet, producing\xe2\x80\xa6'"
2023-04-26 20:06:13+00:00,b'RT @diecastryan: Memories of Covid in Roswell. #unitedairlines #americanairlines #roswell #aviation #aviationphotography #travel https://t.\xe2\x80\xa6'
2023-04-26 19:46:17+00:00,b'RT @diecastryan: Memories of Covid in Roswell. #unitedairlines #americanairlines #roswell #aviation #aviationphotography #travel https://t.\xe2\x80\xa6'
2023-04-26 18:56:15+00:00,b'@UnitedAirlines doesn\xe2\x80\x99t want to take responsibility for business class luggage. Those flying business/first beware;\xe2\x80\xa6 https://t.co/IKQ4unjPJZ'
2023-04-26 18:52:31+00:00,"b'RT @Aviation_jamie: Who doesn\xe2\x80\x99t love the GE90, these absolute power houses are one of the engine types that propel our 777 fleet, producing\xe2\x80\xa6'"
2023-04-26 18:49:56+00:00,b'RT @diecastryan: Memories of Covid in Roswell. #unitedairlines #americanairlines #roswell #aviation #aviationphotography #travel https://t.\xe2\x80\xa6'
2023-04-26 18:24:07+00:00,b'RT @diecastryan: Memories of Covid in Roswell. #unitedairlines #americanairlines #roswell #aviation #aviationphotography #travel https://t.\xe2\x80\xa6'
2023-04-26 17:57:42+00:00,b'RT @diecastryan: Memories of Covid in Roswell. #unitedairlines #americanairlines #roswell #aviation #aviationphotography #travel https://t.\xe2\x80\xa6'
2023-04-26 17:53:55+00:00,b'2 United Airlines flights make emergency landings at IAH after bird strikes\n\n#UnitedAirlines #EmergencyLandings\xe2\x80\xa6 https://t.co/H7Gvenm81r'
2023-04-26 17:12:33+00:00,"b'RT @Aviation_jamie: Who doesn\xe2\x80\x99t love the GE90, these absolute power houses are one of the engine types that propel our 777 fleet, producing\xe2\x80\xa6'"
2023-04-26 16:44:06+00:00,b'People need to realize chris has done nothing to deserve hate #mrbeast #unitedAIRLINES'
2023-04-26 16:36:14+00:00,b'RT @diecastryan: Memories of Covid in Roswell. #unitedairlines #americanairlines #roswell #aviation #aviationphotography #travel https://t.\xe2\x80\xa6'
2023-04-26 16:34:20+00:00,"b'RT @PhoenixEast: We are not over this event! \xf0\x9f\x99\x8c @GoJet_Airlines\xe2\x80\x99 President, Rick Leach, and team shared a presentation before PEA excitedly\xe2\x80\xa6'"
2023-04-26 16:28:05+00:00,b'RT @diecastryan: Memories of Covid in Roswell. #unitedairlines #americanairlines #roswell #aviation #aviationphotography #travel https://t.\xe2\x80\xa6'
2023-04-26 16:10:25+00:00,"b'We are not over this event! \xf0\x9f\x99\x8c @GoJet_Airlines\xe2\x80\x99 President, Rick Leach, and team shared a presentation before PEA exc\xe2\x80\xa6 https://t.co/EDTUs6qFl8'"
2023-04-26 16:04:38+00:00,b'Got on the United Airline Plane and leaving Toronto\n#unitedAIRLINES #Toronto https://t.co/PBY7JZ56TD'
2023-04-26 15:55:42+00:00,b'It\xe2\x80\x99s GO Time \xf0\x9f\x92\x83\xf0\x9f\x95\xba\xf0\x9f\x98\x8d\xe2\x9c\x88\xef\xb8\x8f\n\n\xf0\x9f\x93\xb8 : Jonathan L. \n\n#unitedairlines #beingunited #crewlife #planespotter #airport #msfs2020\xe2\x80\xa6 https://t.co/WXA9mLNjo6'
2023-04-26 15:41:25+00:00,b'RT @diecastryan: Memories of Covid in Roswell. #unitedairlines #americanairlines #roswell #aviation #aviationphotography #travel https://t.\xe2\x80\xa6'
2023-04-26 15:01:06+00:00,b'RT @diecastryan: Memories of Covid in Roswell. #unitedairlines #americanairlines #roswell #aviation #aviationphotography #travel https://t.\xe2\x80\xa6'
2023-04-26 14:54:52+00:00,"b'Cheap Flights -  SUMMER - United Airlines $238 (Los Angeles \xe2\x9c\x88\xef\xb8\x8f  Kahului, Hawaii) \xf0\x9f\x8c\x87\xf0\x9f\x9a\x80 https://t.co/DLc6ixfXXc\xe2\x80\xa6 https://t.co/VJKc5wHjPF'"
2023-04-26 14:22:12+00:00,b'RT @diecastryan: Memories of Covid in Roswell. #unitedairlines #americanairlines #roswell #aviation #aviationphotography #travel https://t.\xe2\x80\xa6'
2023-04-26 14:15:50+00:00,b'RT @diecastryan: Memories of Covid in Roswell. #unitedairlines #americanairlines #roswell #aviation #aviationphotography #travel https://t.\xe2\x80\xa6'
2023-04-26 14:10:14+00:00,"b'OBAP is proud to partner with @united  as the title sponsor of the 2023 OBAP Annual Convention, taking place August\xe2\x80\xa6 https://t.co/dpYggP91Q4'"
2023-04-26 13:51:26+00:00,b'RT @diecastryan: Memories of Covid in Roswell. #unitedairlines #americanairlines #roswell #aviation #aviationphotography #travel https://t.\xe2\x80\xa6'
2023-04-26 13:48:04+00:00,b'RT @diecastryan: Memories of Covid in Roswell. #unitedairlines #americanairlines #roswell #aviation #aviationphotography #travel https://t.\xe2\x80\xa6'
2023-04-26 13:46:09+00:00,b'RT @NickFlightX: A Perfect Parallel Landing between a United 737 MAX 9 and Alaska E175 at SFO!\n\n#sfo #unitedairlines #alaskaairlines #embra\xe2\x80\xa6'
2023-04-26 12:55:18+00:00,b'RT @diecastryan: Memories of Covid in Roswell. #unitedairlines #americanairlines #roswell #aviation #aviationphotography #travel https://t.\xe2\x80\xa6'
2023-04-26 12:55:03+00:00,b'RT @diecastryan: Memories of Covid in Roswell. #unitedairlines #americanairlines #roswell #aviation #aviationphotography #travel https://t.\xe2\x80\xa6'
2023-04-26 12:49:13+00:00,b'RT @diecastryan: Memories of Covid in Roswell. #unitedairlines #americanairlines #roswell #aviation #aviationphotography #travel https://t.\xe2\x80\xa6'
2023-04-26 12:46:26+00:00,b'Boeing Expected to Have Best Q1 Since 2019\n#visiblealpha #boeing #airbus #delta #unitedairlines #max\n\xe2\x9e\xa1\xef\xb8\x8f Now on\xe2\x80\xa6 https://t.co/m3pPdrTvRA'
2023-04-26 12:40:50+00:00,b'RT @diecastryan: Memories of Covid in Roswell. #unitedairlines #americanairlines #roswell #aviation #aviationphotography #travel https://t.\xe2\x80\xa6'
2023-04-26 12:18:04+00:00,b'RT @diecastryan: A United 777 departing LAX. #unitedairlines #boeing777 #aviation #nikon #travel #laxairport #losangeles https://t.co/0XhXS\xe2\x80\xa6'
2023-04-26 12:17:52+00:00,b'WorldALNews: RT @diecastryan: Memories of Covid in Roswell. #unitedairlines #americanairlines #roswell #aviation\xe2\x80\xa6 https://t.co/aS0hDr3k4k'
2023-04-26 12:04:25+00:00,b'Good Evening Friends\nClick here: - https://t.co/QD9BsqGzmh. And book your flight ticket with\xe2\x80\xa6 https://t.co/79rBWRQbXE'
2023-04-26 12:02:31+00:00,b'RT @diecastryan: Memories of Covid in Roswell. #unitedairlines #americanairlines #roswell #aviation #aviationphotography #travel https://t.\xe2\x80\xa6'
2023-04-26 12:00:01+00:00,b'RT @diecastryan: Memories of Covid in Roswell. #unitedairlines #americanairlines #roswell #aviation #aviationphotography #travel https://t.\xe2\x80\xa6'
2023-04-26 11:59:16+00:00,b'#unitedAIRLINES UA2058 from DC to IAH is now my second flight this morning that doesn\xe2\x80\x99t have wifi working. \xf0\x9f\xa7\x90 what i\xe2\x80\xa6 https://t.co/YaaJYbQL9F'
2023-04-26 11:45:01+00:00,b'Memories of Covid in Roswell. #unitedairlines #americanairlines #roswell #aviation #aviationphotography #travel https://t.co/QnlYWo3zfv'
2023-04-26 09:57:06+00:00,"b'Only 30 mins left, \nSan Francisco, here I come\n#TorontoPearsonAirport #unitedAIRLINES #Mississauga\xe2\x80\xa6 https://t.co/NdeVvS9vKH'"
2023-04-26 09:32:26+00:00,"b'United Airline Plane is all ready, only an hour left to get on\n#unitedAIRLINES #TorontoPearsonAirport #Mississauga\xe2\x80\xa6 https://t.co/Qhj5b4Q2xn'"
2023-04-26 08:42:23+00:00,b'I originally was flight UA1030. Lost my first class and have to sit in the middle seat. #UnitedAirlines @united'
2023-04-26 08:38:41+00:00,"b'Who doesn\xe2\x80\x99t love the GE90, these absolute power houses are one of the engine types that propel our 777 fleet, produ\xe2\x80\xa6 https://t.co/HQGGSP1IWq'"
2023-04-26 07:26:28+00:00,"b""@UnitedAirlines_  I've requested a refund it's been more than 2 weeks that it was processed but I haven't received\xe2\x80\xa6 https://t.co/vgmtKH5IDs"""
2023-04-26 07:11:22+00:00,b'Plan your journey with #UnitedAirlines and book your flight tickets by visiting #UnitedAirlinesOfficialSite. Or cal\xe2\x80\xa6 https://t.co/l9aegUfNZz'
2023-04-26 05:33:30+00:00,b'This is a photo of @UnitedAirlines pilot Capt. Mark Carpenter standing outside apologizing for the delayed (due to\xe2\x80\xa6 https://t.co/MEQaVk5HM1'
2023-04-26 05:02:08+00:00,b'RT @diecastryan: A United 777 departing LAX. #unitedairlines #boeing777 #aviation #nikon #travel #laxairport #losangeles https://t.co/0XhXS\xe2\x80\xa6'
2023-04-26 01:50:30+00:00,"b'A day late to destination care of UA. Heading to \xf0\x9f\x87\xa7\xf0\x9f\x87\xb7 and my second flight on second try sits on the ground with ""mec\xe2\x80\xa6 https://t.co/g57GQkl3i9'"
2023-04-26 01:11:26+00:00,b'@united #unitedAIRLINES OMG first they said air traffic jam then they said mechanical light out then it was a lavat\xe2\x80\xa6 https://t.co/V69icGEqmE'
2023-04-26 01:00:22+00:00,b'@united @BoeingAirplanes #unitedAIRLINES OMG first they said air traffic jam then they said mechanical light out th\xe2\x80\xa6 https://t.co/iAkW6doU0x'
2023-04-26 01:00:07+00:00,b'@united #unitedAIRLINES OMG first they said air traffic jam then they said mechanical light out then it was a lavat\xe2\x80\xa6 https://t.co/0sr3wbEDx2'
2023-04-26 00:55:08+00:00,b'@united @BoeingAirplanes #unitedAIRLINES OMG first they said air traffic jam then they said mechanical light out th\xe2\x80\xa6 https://t.co/2NRqLsJj3D'
2023-04-26 00:47:47+00:00,b'#unitedAIRLINES OMG first they said air traffic jam then they said mechanical light out then it was a lavatory then\xe2\x80\xa6 https://t.co/ITrvGLiYKl'
2023-04-25 23:58:45+00:00,"b""Instead of saying oh well that shouldn't be hard to spot inside your bag he kept asking me what color my laptop was\xe2\x80\xa6 https://t.co/9dgyZwpSai"""
2023-04-25 23:32:05+00:00,b'Hey @united. Can you explain how I can get a confirmed seat on standby and then be told there\xe2\x80\x99s no way to gate chec\xe2\x80\xa6 https://t.co/Pxh7HKyCCf'
2023-04-25 22:58:25+00:00,b'#United #unitedAIRLINES You suck.  Flew to Denver last July brakes on fire &amp; had to jump off to the emergency chute\xe2\x80\xa6 https://t.co/ggxxUpyOEh'
2023-04-25 22:49:01+00:00,b'What You Should do if an Airplane Fight Breaks on Your Flight\n#UnitedAirlines #Fights #Veteran\nhttps://t.co/VN6hkWkYg2'
2023-04-25 21:07:31+00:00,b'RT @simple_flying: A brand new @BoeingAirplanes 737 MAX 8 on its first flight after being delivered to @united \n\nTrack it below \xf0\x9f\x91\x87\xf0\x9f\x8f\xbd\nhttps://\xe2\x80\xa6'
2023-04-25 20:09:41+00:00,b'RT @simple_flying: A brand new @BoeingAirplanes 737 MAX 8 on its first flight after being delivered to @united \n\nTrack it below \xf0\x9f\x91\x87\xf0\x9f\x8f\xbd\nhttps://\xe2\x80\xa6'
2023-04-25 19:56:02+00:00,b'1 million miles flown with @United during my recent flight and not even a cooking to celebrate.  Feeling underappre\xe2\x80\xa6 https://t.co/tH9yb3Ddnv'
2023-04-25 18:59:46+00:00,b'RT @simple_flying: A brand new @BoeingAirplanes 737 MAX 8 on its first flight after being delivered to @united \n\nTrack it below \xf0\x9f\x91\x87\xf0\x9f\x8f\xbd\nhttps://\xe2\x80\xa6'
2023-04-25 17:02:23+00:00,b'A brand new @BoeingAirplanes 737 MAX 8 on its first flight after being delivered to @united \n\nTrack it below \xf0\x9f\x91\x87\xf0\x9f\x8f\xbd\xe2\x80\xa6 https://t.co/tzXI1J4Jyb'
2023-04-25 16:57:04+00:00,b'\xe2\x80\x9cUnited flight 90 traveling from Newark to Tel Aviv returned to #Newark shortly after takeoff due to a disruptive p\xe2\x80\xa6 https://t.co/dDjAuhG6Tk'
2023-04-25 16:53:57+00:00,b'#infosec trivia: What was the first airline to have a bug bounty &amp; vulnerability disclosure program? According to\xe2\x80\xa6 https://t.co/H1yeXL1ORc'
2023-04-25 15:33:23+00:00,b'What\xe2\x80\x99s your #tailtuesday preference? Ground or Skies \xf0\x9f\xab\xa3\xf0\x9f\x99\x8c\xf0\x9f\x98\x9a\xf0\x9f\x91\x80\xf0\x9f\x93\xb8\xf0\x9f\x98\x8d\xe2\x9c\x88\xef\xb8\x8f\n\n#unitedairlines #beingunited #crewlife #planespotter\xe2\x80\xa6 https://t.co/uN6zEoeXs0'
2023-04-25 15:23:13+00:00,"b""The NTSB said they'd be publishing a preliminary report in 3 weeks, but it's been 2.5 months and there's been total\xe2\x80\xa6 https://t.co/KPWiw12j6h"""
2023-04-25 14:54:17+00:00,"b'@united WiFi broken again? \xf0\x9f\x98\x91 why offer a paid internet subscription, if your equipment is consistently broken? it\xe2\x80\x99s\xe2\x80\xa6 https://t.co/vNz8FSa6aF'"
2023-04-25 12:16:29+00:00,"b'To book or inquire about the cheapest #flights between the #US &amp; India, \nCall +1 833-856-0404 (toll-free) now!  \n\nO\xe2\x80\xa6 https://t.co/lsoWmpyYzo'"
2023-04-25 12:16:24+00:00,b'The airline may resume the #Chicago-New Delhi operations in October-end.\n\nThe suspension also means the #airline on\xe2\x80\xa6 https://t.co/m4rS7uqkAi'
2023-04-25 12:00:05+00:00,"b'Yellowstone is the oldest U.S. National Park, one of the most spectacular places to see in the entire country. Book\xe2\x80\xa6 https://t.co/n8q6WMmzGV'"
2023-04-25 11:41:30+00:00,b'@ChloePantazi 3-4 trips makes one a frequent flier? How about those who flies 100K+ a year?\n\nAlso frequent fliers k\xe2\x80\xa6 https://t.co/tyVAHQxANZ'
2023-04-25 07:22:53+00:00,b'DXB EWR\nNew daily nonstop flights between Dubai and New York/ Newark\n\nBook your flight with Nirvana Travel &amp; Touris\xe2\x80\xa6 https://t.co/WASowTAnvY'
2023-04-25 07:20:24+00:00,"b'Having a picnic on the banks of Blackfoot River is like snacking on a movie set. If you want to go to this place, d\xe2\x80\xa6 https://t.co/kpBLgz285H'"
2023-04-25 05:06:02+00:00,b'New #Aircraft #UnitedAirlines #Boeing 787-10 \xe2\x9c\x88\xef\xb8\x8f flying in range of #ChalonSurSaone receiver at 36975ft with tail N1\xe2\x80\xa6 https://t.co/uXvUO8gKeR'
2023-04-25 04:33:31+00:00,"b'#eyelash lift kit for your glowing face, To #buy this visit my #profile link #beauty #products \n#USA #usak\xe2\x80\xa6 https://t.co/5E8yKkyw1G'"
2023-04-25 03:29:06+00:00,b'ICAO: A2FBF1\nFlt: UAL228 #UnitedAirlines #IAD-#DUB\nFirst seen: 2023/04/24 23:24:54\nMin Alt: 36944 ft AGL\nMin Dist:\xe2\x80\xa6 https://t.co/Bz4atk6ExV'
2023-04-25 02:33:59+00:00,"b'RT @virtualUA: Rain or Shine, it\xe2\x80\x99s Monday \xf0\x9f\xab\xa3\xe2\x9c\x88\xef\xb8\x8f\xf0\x9f\x98\x8d\n\n\xf0\x9f\x93\xb8 : Capt Nate S.\n\n#unitedairlines #beingunited #crewlife #planespotter #airport #msfs2020 #\xe2\x80\xa6'"
2023-04-25 02:06:37+00:00,b'nothing like feeling powerless over crappy first class airline service. flight 2056 LAX to SFO. definitely not wort\xe2\x80\xa6 https://t.co/12PDLKLlbX'
2023-04-25 01:01:18+00:00,b'ICAO: A899A2\nFlt: UAL904 #UnitedAirlines #EWR-#LHR\nFirst seen: 2023/04/24 20:57:28\nMin Alt: 36944 ft AGL\nMin Dist:\xe2\x80\xa6 https://t.co/1PyAN7aRNI'
2023-04-24 23:58:05+00:00,b'ICAO: A8BD6A\nFlt: UAL14 #UnitedAirlines #EWR-#LHR\nFirst seen: 2023/04/24 19:55:05\nMin Alt: 28944 ft AGL\nMin Dist: 5\xe2\x80\xa6 https://t.co/zq7AR4ccou'
2023-04-24 23:14:23+00:00,b'ICAO: A2A300\nFlt: UAL946 #UnitedAirlines #IAD-#AMS\nFirst seen: 2023/04/24 19:10:07\nMin Alt: 32919 ft AGL\nMin Dist:\xe2\x80\xa6 https://t.co/I1rZeFEhqo'
2023-04-24 22:13:04+00:00,"b'\xe2\x80\x9cMy job does this cool thing where if you do your work well, you get to do everyone else\xe2\x80\x99s work too.\xe2\x80\x9d\n\n#denver\xe2\x80\xa6 https://t.co/LujBtHBuwd'"
2023-04-24 21:33:53+00:00,"b'#unitedAIRLINES Why are these connecting flights always delayed United? Flight UA6041 to Hartford,CT smh. I need my\xe2\x80\xa6 https://t.co/yZPx47CWuR'"
2023-04-24 20:45:26+00:00,b'A United Airlines flight bound for Israel had been in the air for nearly three hours when it suddenly turned around\xe2\x80\xa6 https://t.co/WtbgWExFdP'
2023-04-24 20:45:25+00:00,b'A United Airlines flight bound for Israel had been in the air for nearly three hours when it suddenly turned around\xe2\x80\xa6 https://t.co/M4KwlMsspK'
2023-04-24 20:32:59+00:00,"b'#UnitedAirlines in my opinion, United are the worst lying pieces of garbage in the world. They said they would take\xe2\x80\xa6 https://t.co/67LXkzdX8A'"
2023-04-24 19:57:05+00:00,b'@AnthonyBass52 @united The polite gentlemanly husbandly thing to have done was for you to get down and have cleaned\xe2\x80\xa6 https://t.co/fpiehjLrjC'
2023-04-24 19:54:44+00:00,b'@AnthonyBass52 @united But what\xe2\x80\x99s more appalling is you complaining about your 22 wk pregnant wife having to get on\xe2\x80\xa6 https://t.co/EgoTCM1JBg'
2023-04-24 19:53:10+00:00,"b'@AnthonyBass52 @united I\xe2\x80\x99m sure @AnthonyBass52 is so regretting this tweet, since he actually thought it was about\xe2\x80\xa6 https://t.co/5ppqISJq6v'"
2023-04-24 19:24:22+00:00,"b""United plane turns back 3 hours into flight after a 'disruptive' passenger sat in a crew seat and got in a shouting\xe2\x80\xa6 https://t.co/cKWoitUoBC"""
2023-04-24 18:06:12+00:00,b'ICAO: A0A522\nFlt: UAL90D #UnitedAirlines #EWR-#TLV\nFirst seen: 2023/04/24 14:02:17\nMin Alt: 30919 ft AGL\nMin Dist:\xe2\x80\xa6 https://t.co/gnlYNNgPgv'
2023-04-24 17:55:23+00:00,"b'\xf0\x9f\x9b\xab @united: Shocked by the filthy plane \xf0\x9f\x98\xb7 - visible dirt, trash in my seat &amp; broken chair. Overhead bins full of per\xe2\x80\xa6 https://t.co/iAvqb1syMx'"
2023-04-24 17:52:21+00:00,b'United Airlines #UA2373 from Los Angeles to Kailua  is returning to LAX: https://t.co/caRuYqinSj\n\n#UnitedAirlines\xe2\x80\xa6 https://t.co/2HcE0PloEi'
2023-04-24 17:22:45+00:00,b'Travelers used to catch helicopter taxis between Chicago airports\n#uber #hyundai #unitedairlines #cha #usnavy\xe2\x80\xa6 https://t.co/4rhSV2M4wE'
2023-04-24 17:22:45+00:00,b'Travelers used to catch helicopter taxis between Chicago airports\n#uber #hyundai #unitedairlines #cha #usnavy\xe2\x80\xa6 https://t.co/NE3vqj9N6w'
2023-04-24 15:10:52+00:00,"b'Rain or Shine, it\xe2\x80\x99s Monday \xf0\x9f\xab\xa3\xe2\x9c\x88\xef\xb8\x8f\xf0\x9f\x98\x8d\n\n\xf0\x9f\x93\xb8 : Capt Nate S.\n\n#unitedairlines #beingunited #crewlife #planespotter #airport\xe2\x80\xa6 https://t.co/Rkfy8O0PQv'"
2023-04-24 15:07:53+00:00,b'United Airlines: Visitors are discussing potential and/or actual layoffs at United Airlines!\nSee the discussion at\xe2\x80\xa6 https://t.co/MOdLfSBL4B'
2023-04-24 14:51:41+00:00,"b'""Whoa! A United flight had to turn back only 3 hours into the journey due to a disruptive passenger causing a shout\xe2\x80\xa6 https://t.co/lXPKSB9pmN'"
2023-04-24 14:30:16+00:00,b'US \xf0\x9f\x87\xba\xf0\x9f\x87\xb8 ~ United Flight Has Emergency Landing After Cockpit Window Opens\nA United Airlines flight had to declare an e\xe2\x80\xa6 https://t.co/ceBomhk8I5'
2023-04-24 13:11:32+00:00,b'RT @virtualUA: Touch the Skies \xf0\x9f\x8c\x88\xe2\x9c\x88\xef\xb8\x8f\xf0\x9f\x98\x8d\xe2\x9d\xa4\xef\xb8\x8f\n\n\xf0\x9f\x93\xb8 : @ryanmoroso \n\n#unitedairlines #beingunited #crewlife #planespotter #airport #msfs2020 #xplane11\xe2\x80\xa6'
2023-04-24 12:17:23+00:00,b'On this holiday pack your bag and plan a journey to many places in the USA. Click here: - https://t.co/QD9BsqGzmh f\xe2\x80\xa6 https://t.co/gTuMs5htQb'
2023-04-24 11:56:03+00:00,b'Still no response. @united #unitedairlines is at it again. Booted a fully paid  passenger out of her 1st class seat\xe2\x80\xa6 https://t.co/3DKTuAchcv'
2023-04-24 11:40:11+00:00,"b'Right before boarding, @united told a fully paid 1st class passenger that they needed her seat for \xe2\x80\x9coperational nee\xe2\x80\xa6 https://t.co/Y1HeNeJWRa'"
2023-04-24 10:27:02+00:00,b'ICAO: A2FBEC\nFlt: UAL433 #UnitedAirlines #BOS-#SFO\nFirst seen: 2023/04/24 06:23:45\nMin Alt: 12919 ft AGL\nMin Dist:\xe2\x80\xa6 https://t.co/GTjCpqR6IV'
2023-04-24 10:23:31+00:00,b'Read the United Airlines Unaccompanied Minors Policy in 2023 \n\nRead the United Airlines unaccompanied minors policy\xe2\x80\xa6 https://t.co/zXZaEX8hzr'
2023-04-24 10:19:23+00:00,b'Check out the list of top United airlines seat upgrade policies.\n\nhttps://t.co/7aCrn9tfM1\n\n#unitedairlines\xe2\x80\xa6 https://t.co/R6Ry4ge05z'
2023-04-24 10:13:50+00:00,"b'RT @indiaoutbound: In a unique partnership, #VirginiaTourism Corporation &amp; #UnitedAirlines have jointly launched a promotional campaign at\xe2\x80\xa6'"
2023-04-24 07:40:39+00:00,"b'Are you ready for is Travel with united airlines to Oklahoma? If yes, click here: - https://t.co/QD9BsqGzmh and boo\xe2\x80\xa6 https://t.co/AanLbXHK4a'"
2023-04-24 06:29:33+00:00,"b'In a unique partnership, #VirginiaTourism Corporation &amp; #UnitedAirlines have jointly launched a promotional campaig\xe2\x80\xa6 https://t.co/bFGimb6rum'"
2023-04-24 05:25:46+00:00,b'#UnitedAirlines adds 40% more flights to #Australia &amp; #NewZealand next winter.\nThe most extensive South Pacific net\xe2\x80\xa6 https://t.co/pAgLDAC0Dr'
2023-04-24 03:33:20+00:00,b'RT @UnitedFlyerHD: A pair of United A320s getting ready to depart on Houston IAH 33L\n#avgeek #unitedairlines #airbus #airbus320 #n498ua #n4\xe2\x80\xa6'
2023-04-24 03:32:49+00:00,b'4days now and still my luggage has not been returned. I lost everything. Thank you @united for your incompetent emp\xe2\x80\xa6 https://t.co/CB50O7mueG'
2023-04-24 03:05:09+00:00,b'ICAO: A4DAD4\nFlt: UAL317 #UnitedAirlines #IAH-#PHL\nFirst seen: 2023/04/23 23:01:11\nMin Alt: 32944 ft AGL\nMin Dist:\xe2\x80\xa6 https://t.co/7YZ73M6OkE'
2023-04-24 01:56:00+00:00,b'Kind of reminds you of that @KAYAK ad where a family goes on a holiday &amp; ends up having extremely bad experience. A\xe2\x80\xa6 https://t.co/aYt3vpT9SV'
2023-04-24 01:49:01+00:00,b'All I want is to take my family on a outdoor retreat like many other \xf0\x9f\x87\xba\xf0\x9f\x87\xb8 this Summer break. The cheapest tix (that t\xe2\x80\xa6 https://t.co/TuqRvPh77o'
2023-04-24 01:23:09+00:00,b'ICAO: A1C82A\nFlt: UAL960 #UnitedAirlines #EWR-#FRA\nFirst seen: 2023/04/23 21:19:57\nMin Alt: 32944 ft AGL\nMin Dist:\xe2\x80\xa6 https://t.co/1e35JB1BEx'
2023-04-24 01:10:14+00:00,b'@MarsLeRoux @SouthlandPost So cancel the flight and give them a voucher. In EU they do that after only 4 hours. We\xe2\x80\xa6 https://t.co/f1Xhj0WH7X'
2023-04-23 23:21:26+00:00,b'Check out United Super DC-8 Inaugural Flight 1967 Silver Medal - HARD PLASTIC CASE - USED https://t.co/Una0aNOLxz\xe2\x80\xa6 https://t.co/Gvy409z6WW'
2023-04-23 23:10:34+00:00,"b'Did you come from the land down under? Recently, @united announced flights down under to Melbourne, Christchurch an\xe2\x80\xa6 https://t.co/nTlNBuzQ52'"
2023-04-23 22:33:39+00:00,b'#unitedAirlines check this bad boy out \xf0\x9f\x94\xa5 https://t.co/406L1IzoQx'
2023-04-23 22:30:04+00:00,b'United Airlines Braces For More 737 MAX Delays In Second Quarter #UnitedAirlines #BracesFor #More737 #MaxDelays\xe2\x80\xa6 https://t.co/WaqDK7Hfhp'
2023-04-23 21:57:12+00:00,b'@united please don\xe2\x80\x99t disrespect your customers. Crew didn\xe2\x80\x99t show up and we\xe2\x80\x99re waiting. You have to be better #avoid\xe2\x80\xa6 https://t.co/6Ol5GDooIq'
2023-04-23 21:46:07+00:00,b'RT @KeelyZimmermann: A beautiful United Airlines 737-800 putting its landing gear up during departure from BIL. \xf0\x9f\x9b\xab \n*\n*\n*\n#united #unitedair\xe2\x80\xa6'
2023-04-23 21:40:55+00:00,b'RT @WHITW777: Where was #unitedAIRLINES #Flight93 that #crashed in #Pennsylvania\n\nhttps://t.co/s9AEaFTnGc\n\n#Normally you see #debris but th\xe2\x80\xa6'
2023-04-23 19:48:16+00:00,b'@united Full flight waiting and steel no-show captain Airport stranded again due to unprofessional #UnitedAirlines\xe2\x80\xa6 https://t.co/op4o9UZGkJ'
2023-04-23 19:33:41+00:00,b'New United Airlines delay. Were you on flight UA229 on 23rd April 2023 from Dublin Airport to Washington Dulles  Ai\xe2\x80\xa6 https://t.co/vXe5gt5Soz'
2023-04-23 19:33:40+00:00,b'@united Captain doesn\xe2\x80\x99t show for #Flight #UA1705 #Flightscheduling for negligent #unitedairlines another #delayed\xe2\x80\xa6 https://t.co/Bhznc0JXte'
2023-04-23 18:39:06+00:00,b'A pair of United A320s getting ready to depart on Houston IAH 33L\n#avgeek #unitedairlines #airbus #airbus320\xe2\x80\xa6 https://t.co/RI7y4jl3LO'
2023-04-23 17:59:05+00:00,"b""Your passport couldn't be uploaded (United Airlines)\n\nhttps://t.co/fkKHZ9hMmr\n\nPlease scan and upload your passport\xe2\x80\xa6 https://t.co/rDap0kUNMx"""
2023-04-23 17:48:47+00:00,"b""We're ensuring your passport is eligible for travel - hung loading (United Airlines_\n\nhttps://t.co/nir28TLXJP\n\nVeri\xe2\x80\xa6 https://t.co/g9xkdeoc56"""
2023-04-23 17:16:10+00:00,b'#unitedAIRLINES Airlines have definitely raised their prices but failed to update their planes.  United Airlines pl\xe2\x80\xa6 https://t.co/2N9U6G38Ao'
2023-04-23 16:00:51+00:00,b'@united @boeing 747-400 at the gate at @flysfo\n\n#united #unitedairlines #boeing #boeing747 #jumbojet #ksfo #flysfo\xe2\x80\xa6 https://t.co/tpbfFbDSMn'
2023-04-23 15:59:14+00:00,"b""Don't fly with @united ! Their customer service sucks! They couldn't fix a problem that they created. Pretty much s\xe2\x80\xa6 https://t.co/QYi0dVw2wt"""
2023-04-23 15:39:35+00:00,b'Touch the Skies \xf0\x9f\x8c\x88\xe2\x9c\x88\xef\xb8\x8f\xf0\x9f\x98\x8d\xe2\x9d\xa4\xef\xb8\x8f\n\n\xf0\x9f\x93\xb8 : @ryanmoroso \n\n#unitedairlines #beingunited #crewlife #planespotter #airport #msfs2020\xe2\x80\xa6 https://t.co/hTLkwAJZl5'
